{
  "ManualTriggerTestStrategy": {
    "bullish": {
      "win_rate": 100.0,
      "recent_score": 0.9846400000000008,
      "regime_fit": 0.9846400000000008
    }
  }
}