{
  "ManualTriggerTestStrategy": {
    "bullish": {
      "win_rate": 100.0,
      "recent_score": 0.9760000000000001,
      "regime_fit": 0.9760000000000001
    }
  }
}